alcohol;malic_acid;ash;alcalinity_of_ash;magnesium;total_phenols;flavanoids;nonflavanoid_phenols;proanthocyanins;color_intensity;hue;od280/od315_of_diluted_wines;proline;wine_label
14.23;1.71;2.43;15.6;127.0;2.8;3.06;0.28;2.29;5.64;1.04;3.92;1065.0;0
13.2;1.78;2.14;11.2;100.0;2.65;2.76;0.26;1.28;4.38;1.05;3.4;1050.0;0
13.16;2.36;2.67;18.6;101.0;2.8;3.24;0.3;2.81;5.68;1.03;3.17;1185.0;0
14.37;1.95;2.5;16.8;113.0;3.85;3.49;0.24;2.18;7.8;0.86;3.45;1480.0;0
13.24;2.59;2.87;21.0;118.0;2.8;2.69;0.39;1.82;4.32;1.04;2.93;735.0;0
14.2;1.76;2.45;15.2;112.0;3.27;3.39;0.34;1.97;6.75;1.05;2.85;1450.0;0
14.39;1.87;2.45;14.6;96.0;2.5;2.52;0.3;1.98;5.25;1.02;3.58;1290.0;0
14.06;2.15;2.61;17.6;121.0;2.6;2.51;0.31;1.25;5.05;1.06;3.58;1295.0;0
14.83;1.64;2.17;14.0;97.0;2.8;2.98;0.29;1.98;5.2;1.08;2.85;1045.0;0
13.86;1.35;2.27;16.0;98.0;2.98;3.15;0.22;1.85;7.22;1.01;3.55;1045.0;0
14.1;2.16;2.3;18.0;105.0;2.95;3.32;0.22;2.38;5.75;1.25;3.17;1510.0;0
14.12;1.48;2.32;16.8;95.0;2.2;2.43;0.26;1.57;5.0;1.17;2.82;1280.0;0
13.75;1.73;2.41;16.0;89.0;2.6;2.76;0.29;1.81;5.6;1.15;2.9;1320.0;0
14.75;1.73;2.39;11.4;91.0;3.1;3.69;0.43;2.81;5.4;1.25;2.73;1150.0;0
14.38;1.87;2.38;12.0;102.0;3.3;3.64;0.29;2.96;7.5;1.2;3.0;1547.0;0
13.63;1.81;2.7;17.2;112.0;2.85;2.91;0.3;1.46;7.3;1.28;2.88;1310.0;0
14.3;1.92;2.72;20.0;120.0;2.8;3.14;0.33;1.97;6.2;1.07;2.65;1280.0;0
13.83;1.57;2.62;20.0;115.0;2.95;3.4;0.4;1.72;6.6;1.13;2.57;1130.0;0
14.19;1.59;2.48;16.5;108.0;3.3;3.93;0.32;1.86;8.7;1.23;2.82;1680.0;0
13.64;3.1;2.56;15.2;116.0;2.7;3.03;0.17;1.66;5.1;0.96;3.36;845.0;0
14.06;1.63;2.28;16.0;126.0;3.0;3.17;0.24;2.1;5.65;1.09;3.71;780.0;0
12.93;3.8;2.65;18.6;102.0;2.41;2.41;0.25;1.98;4.5;1.03;3.52;770.0;0
13.71;1.86;2.36;16.6;101.0;2.61;2.88;0.27;1.69;3.8;1.11;4.0;1035.0;0
12.85;1.6;2.52;17.8;95.0;2.48;2.37;0.26;1.46;3.93;1.09;3.63;1015.0;0
13.5;1.81;2.61;20.0;96.0;2.53;2.61;0.28;1.66;3.52;1.12;3.82;845.0;0
13.05;2.05;3.22;25.0;124.0;2.63;2.68;0.47;1.92;3.58;1.13;3.2;830.0;0
13.39;1.77;2.62;16.1;93.0;2.85;2.94;0.34;1.45;4.8;0.92;3.22;1195.0;0
13.3;1.72;2.14;17.0;94.0;2.4;2.19;0.27;1.35;3.95;1.02;2.77;1285.0;0
13.87;1.9;2.8;19.4;107.0;2.95;2.97;0.37;1.76;4.5;1.25;3.4;915.0;0
14.02;1.68;2.21;16.0;96.0;2.65;2.33;0.26;1.98;4.7;1.04;3.59;1035.0;0
13.73;1.5;2.7;22.5;101.0;3.0;3.25;0.29;2.38;5.7;1.19;2.71;1285.0;0
13.58;1.66;2.36;19.1;106.0;2.86;3.19;0.22;1.95;6.9;1.09;2.88;1515.0;0
13.68;1.83;2.36;17.2;104.0;2.42;2.69;0.42;1.97;3.84;1.23;2.87;990.0;0
13.76;1.53;2.7;19.5;132.0;2.95;2.74;0.5;1.35;5.4;1.25;3.0;1235.0;0
13.51;1.8;2.65;19.0;110.0;2.35;2.53;0.29;1.54;4.2;1.1;2.87;1095.0;0
13.48;1.81;2.41;20.5;100.0;2.7;2.98;0.26;1.86;5.1;1.04;3.47;920.0;0
13.28;1.64;2.84;15.5;110.0;2.6;2.68;0.34;1.36;4.6;1.09;2.78;880.0;0
13.05;1.65;2.55;18.0;98.0;2.45;2.43;0.29;1.44;4.25;1.12;2.51;1105.0;0
13.07;1.5;2.1;15.5;98.0;2.4;2.64;0.28;1.37;3.7;1.18;2.69;1020.0;0
14.22;3.99;2.51;13.2;128.0;3.0;3.04;0.2;2.08;5.1;0.89;3.53;760.0;0
13.56;1.71;2.31;16.2;117.0;3.15;3.29;0.34;2.34;6.13;0.95;3.38;795.0;0
13.41;3.84;2.12;18.8;90.0;2.45;2.68;0.27;1.48;4.28;0.91;3.0;1035.0;0
13.88;1.89;2.59;15.0;101.0;3.25;3.56;0.17;1.7;5.43;0.88;3.56;1095.0;0
13.24;3.98;2.29;17.5;103.0;2.64;2.63;0.32;1.66;4.36;0.82;3.0;680.0;0
13.05;1.77;2.1;17.0;107.0;3.0;3.0;0.28;2.03;5.04;0.88;3.35;885.0;0
14.21;4.04;2.44;18.9;111.0;2.85;2.65;0.3;1.25;5.24;0.87;3.33;1080.0;0
14.38;3.59;2.28;16.0;102.0;3.25;3.17;0.27;2.19;4.9;1.04;3.44;1065.0;0
13.9;1.68;2.12;16.0;101.0;3.1;3.39;0.21;2.14;6.1;0.91;3.33;985.0;0
14.1;2.02;2.4;18.8;103.0;2.75;2.92;0.32;2.38;6.2;1.07;2.75;1060.0;0
13.94;1.73;2.27;17.4;108.0;2.88;3.54;0.32;2.08;8.9;1.12;3.1;1260.0;0
13.05;1.73;2.04;12.4;92.0;2.72;3.27;0.17;2.91;7.2;1.12;2.91;1150.0;0
13.83;1.65;2.6;17.2;94.0;2.45;2.99;0.22;2.29;5.6;1.24;3.37;1265.0;0
13.82;1.75;2.42;14.0;111.0;3.88;3.74;0.32;1.87;7.05;1.01;3.26;1190.0;0
13.77;1.9;2.68;17.1;115.0;3.0;2.79;0.39;1.68;6.3;1.13;2.93;1375.0;0
13.74;1.67;2.25;16.4;118.0;2.6;2.9;0.21;1.62;5.85;0.92;3.2;1060.0;0
13.56;1.73;2.46;20.5;116.0;2.96;2.78;0.2;2.45;6.25;0.98;3.03;1120.0;0
14.22;1.7;2.3;16.3;118.0;3.2;3.0;0.26;2.03;6.38;0.94;3.31;970.0;0
13.29;1.97;2.68;16.8;102.0;3.0;3.23;0.31;1.66;6.0;1.07;2.84;1270.0;0
13.72;1.43;2.5;16.7;108.0;3.4;3.67;0.19;2.04;6.8;0.89;2.87;1285.0;0
12.37;0.94;1.36;10.6;88.0;1.98;0.57;0.28;0.42;1.95;1.05;1.82;520.0;1
12.33;1.1;2.28;16.0;101.0;2.05;1.09;0.63;0.41;3.27;1.25;1.67;680.0;1
12.64;1.36;2.02;16.8;100.0;2.02;1.41;0.53;0.62;5.75;0.98;1.59;450.0;1
13.67;1.25;1.92;18.0;94.0;2.1;1.79;0.32;0.73;3.8;1.23;2.46;630.0;1
12.37;1.13;2.16;19.0;87.0;3.5;3.1;0.19;1.87;4.45;1.22;2.87;420.0;1
12.17;1.45;2.53;19.0;104.0;1.89;1.75;0.45;1.03;2.95;1.45;2.23;355.0;1
12.37;1.21;2.56;18.1;98.0;2.42;2.65;0.37;2.08;4.6;1.19;2.3;678.0;1
13.11;1.01;1.7;15.0;78.0;2.98;3.18;0.26;2.28;5.3;1.12;3.18;502.0;1
12.37;1.17;1.92;19.6;78.0;2.11;2.0;0.27;1.04;4.68;1.12;3.48;510.0;1
13.34;0.94;2.36;17.0;110.0;2.53;1.3;0.55;0.42;3.17;1.02;1.93;750.0;1
12.21;1.19;1.75;16.8;151.0;1.85;1.28;0.14;2.5;2.85;1.28;3.07;718.0;1
12.29;1.61;2.21;20.4;103.0;1.1;1.02;0.37;1.46;3.05;0.906;1.82;870.0;1
13.86;1.51;2.67;25.0;86.0;2.95;2.86;0.21;1.87;3.38;1.36;3.16;410.0;1
13.49;1.66;2.24;24.0;87.0;1.88;1.84;0.27;1.03;3.74;0.98;2.78;472.0;1
12.99;1.67;2.6;30.0;139.0;3.3;2.89;0.21;1.96;3.35;1.31;3.5;985.0;1
11.96;1.09;2.3;21.0;101.0;3.38;2.14;0.13;1.65;3.21;0.99;3.13;886.0;1
11.66;1.88;1.92;16.0;97.0;1.61;1.57;0.34;1.15;3.8;1.23;2.14;428.0;1
13.03;0.9;1.71;16.0;86.0;1.95;2.03;0.24;1.46;4.6;1.19;2.48;392.0;1
11.84;2.89;2.23;18.0;112.0;1.72;1.32;0.43;0.95;2.65;0.96;2.52;500.0;1
12.33;0.99;1.95;14.8;136.0;1.9;1.85;0.35;2.76;3.4;1.06;2.31;750.0;1
12.7;3.87;2.4;23.0;101.0;2.83;2.55;0.43;1.95;2.57;1.19;3.13;463.0;1
12.0;0.92;2.0;19.0;86.0;2.42;2.26;0.3;1.43;2.5;1.38;3.12;278.0;1
12.72;1.81;2.2;18.8;86.0;2.2;2.53;0.26;1.77;3.9;1.16;3.14;714.0;1
12.08;1.13;2.51;24.0;78.0;2.0;1.58;0.4;1.4;2.2;1.31;2.72;630.0;1
13.05;3.86;2.32;22.5;85.0;1.65;1.59;0.61;1.62;4.8;0.84;2.01;515.0;1
11.84;0.89;2.58;18.0;94.0;2.2;2.21;0.22;2.35;3.05;0.79;3.08;520.0;1
12.67;0.98;2.24;18.0;99.0;2.2;1.94;0.3;1.46;2.62;1.23;3.16;450.0;1
12.16;1.61;2.31;22.8;90.0;1.78;1.69;0.43;1.56;2.45;1.33;2.26;495.0;1
11.65;1.67;2.62;26.0;88.0;1.92;1.61;0.4;1.34;2.6;1.36;3.21;562.0;1
11.64;2.06;2.46;21.6;84.0;1.95;1.69;0.48;1.35;2.8;1.0;2.75;680.0;1
12.08;1.33;2.3;23.6;70.0;2.2;1.59;0.42;1.38;1.74;1.07;3.21;625.0;1
12.08;1.83;2.32;18.5;81.0;1.6;1.5;0.52;1.64;2.4;1.08;2.27;480.0;1
12.0;1.51;2.42;22.0;86.0;1.45;1.25;0.5;1.63;3.6;1.05;2.65;450.0;1
12.69;1.53;2.26;20.7;80.0;1.38;1.46;0.58;1.62;3.05;0.96;2.06;495.0;1
12.29;2.83;2.22;18.0;88.0;2.45;2.25;0.25;1.99;2.15;1.15;3.3;290.0;1
11.62;1.99;2.28;18.0;98.0;3.02;2.26;0.17;1.35;3.25;1.16;2.96;345.0;1
12.47;1.52;2.2;19.0;162.0;2.5;2.27;0.32;3.28;2.6;1.16;2.63;937.0;1
11.81;2.12;2.74;21.5;134.0;1.6;0.99;0.14;1.56;2.5;0.95;2.26;625.0;1
12.29;1.41;1.98;16.0;85.0;2.55;2.5;0.29;1.77;2.9;1.23;2.74;428.0;1
12.37;1.07;2.1;18.5;88.0;3.52;3.75;0.24;1.95;4.5;1.04;2.77;660.0;1
12.29;3.17;2.21;18.0;88.0;2.85;2.99;0.45;2.81;2.3;1.42;2.83;406.0;1
12.08;2.08;1.7;17.5;97.0;2.23;2.17;0.26;1.4;3.3;1.27;2.96;710.0;1
12.6;1.34;1.9;18.5;88.0;1.45;1.36;0.29;1.35;2.45;1.04;2.77;562.0;1
12.34;2.45;2.46;21.0;98.0;2.56;2.11;0.34;1.31;2.8;0.8;3.38;438.0;1
11.82;1.72;1.88;19.5;86.0;2.5;1.64;0.37;1.42;2.06;0.94;2.44;415.0;1
12.51;1.73;1.98;20.5;85.0;2.2;1.92;0.32;1.48;2.94;1.04;3.57;672.0;1
12.42;2.55;2.27;22.0;90.0;1.68;1.84;0.66;1.42;2.7;0.86;3.3;315.0;1
12.25;1.73;2.12;19.0;80.0;1.65;2.03;0.37;1.63;3.4;1.0;3.17;510.0;1
12.72;1.75;2.28;22.5;84.0;1.38;1.76;0.48;1.63;3.3;0.88;2.42;488.0;1
12.22;1.29;1.94;19.0;92.0;2.36;2.04;0.39;2.08;2.7;0.86;3.02;312.0;1
11.61;1.35;2.7;20.0;94.0;2.74;2.92;0.29;2.49;2.65;0.96;3.26;680.0;1
11.46;3.74;1.82;19.5;107.0;3.18;2.58;0.24;3.58;2.9;0.75;2.81;562.0;1
12.52;2.43;2.17;21.0;88.0;2.55;2.27;0.26;1.22;2.0;0.9;2.78;325.0;1
11.76;2.68;2.92;20.0;103.0;1.75;2.03;0.6;1.05;3.8;1.23;2.5;607.0;1
11.41;0.74;2.5;21.0;88.0;2.48;2.01;0.42;1.44;3.08;1.1;2.31;434.0;1
12.08;1.39;2.5;22.5;84.0;2.56;2.29;0.43;1.04;2.9;0.93;3.19;385.0;1
11.03;1.51;2.2;21.5;85.0;2.46;2.17;0.52;2.01;1.9;1.71;2.87;407.0;1
11.82;1.47;1.99;20.8;86.0;1.98;1.6;0.3;1.53;1.95;0.95;3.33;495.0;1
12.42;1.61;2.19;22.5;108.0;2.0;2.09;0.34;1.61;2.06;1.06;2.96;345.0;1
12.77;3.43;1.98;16.0;80.0;1.63;1.25;0.43;0.83;3.4;0.7;2.12;372.0;1
12.0;3.43;2.0;19.0;87.0;2.0;1.64;0.37;1.87;1.28;0.93;3.05;564.0;1
11.45;2.4;2.42;20.0;96.0;2.9;2.79;0.32;1.83;3.25;0.8;3.39;625.0;1
11.56;2.05;3.23;28.5;119.0;3.18;5.08;0.47;1.87;6.0;0.93;3.69;465.0;1
12.42;4.43;2.73;26.5;102.0;2.2;2.13;0.43;1.71;2.08;0.92;3.12;365.0;1
13.05;5.8;2.13;21.5;86.0;2.62;2.65;0.3;2.01;2.6;0.73;3.1;380.0;1
11.87;4.31;2.39;21.0;82.0;2.86;3.03;0.21;2.91;2.8;0.75;3.64;380.0;1
12.07;2.16;2.17;21.0;85.0;2.6;2.65;0.37;1.35;2.76;0.86;3.28;378.0;1
12.43;1.53;2.29;21.5;86.0;2.74;3.15;0.39;1.77;3.94;0.69;2.84;352.0;1
11.79;2.13;2.78;28.5;92.0;2.13;2.24;0.58;1.76;3.0;0.97;2.44;466.0;1
12.37;1.63;2.3;24.5;88.0;2.22;2.45;0.4;1.9;2.12;0.89;2.78;342.0;1
12.04;4.3;2.38;22.0;80.0;2.1;1.75;0.42;1.35;2.6;0.79;2.57;580.0;1
12.86;1.35;2.32;18.0;122.0;1.51;1.25;0.21;0.94;4.1;0.76;1.29;630.0;2
12.88;2.99;2.4;20.0;104.0;1.3;1.22;0.24;0.83;5.4;0.74;1.42;530.0;2
12.81;2.31;2.4;24.0;98.0;1.15;1.09;0.27;0.83;5.7;0.66;1.36;560.0;2
12.7;3.55;2.36;21.5;106.0;1.7;1.2;0.17;0.84;5.0;0.78;1.29;600.0;2
12.51;1.24;2.25;17.5;85.0;2.0;0.58;0.6;1.25;5.45;0.75;1.51;650.0;2
12.6;2.46;2.2;18.5;94.0;1.62;0.66;0.63;0.94;7.1;0.73;1.58;695.0;2
12.25;4.72;2.54;21.0;89.0;1.38;0.47;0.53;0.8;3.85;0.75;1.27;720.0;2
12.53;5.51;2.64;25.0;96.0;1.79;0.6;0.63;1.1;5.0;0.82;1.69;515.0;2
13.49;3.59;2.19;19.5;88.0;1.62;0.48;0.58;0.88;5.7;0.81;1.82;580.0;2
12.84;2.96;2.61;24.0;101.0;2.32;0.6;0.53;0.81;4.92;0.89;2.15;590.0;2
12.93;2.81;2.7;21.0;96.0;1.54;0.5;0.53;0.75;4.6;0.77;2.31;600.0;2
13.36;2.56;2.35;20.0;89.0;1.4;0.5;0.37;0.64;5.6;0.7;2.47;780.0;2
13.52;3.17;2.72;23.5;97.0;1.55;0.52;0.5;0.55;4.35;0.89;2.06;520.0;2
13.62;4.95;2.35;20.0;92.0;2.0;0.8;0.47;1.02;4.4;0.91;2.05;550.0;2
12.25;3.88;2.2;18.5;112.0;1.38;0.78;0.29;1.14;8.21;0.65;2.0;855.0;2
13.16;3.57;2.15;21.0;102.0;1.5;0.55;0.43;1.3;4.0;0.6;1.68;830.0;2
13.88;5.04;2.23;20.0;80.0;0.98;0.34;0.4;0.68;4.9;0.58;1.33;415.0;2
12.87;4.61;2.48;21.5;86.0;1.7;0.65;0.47;0.86;7.65;0.54;1.86;625.0;2
13.32;3.24;2.38;21.5;92.0;1.93;0.76;0.45;1.25;8.42;0.55;1.62;650.0;2
13.08;3.9;2.36;21.5;113.0;1.41;1.39;0.34;1.14;9.4;0.57;1.33;550.0;2
13.5;3.12;2.62;24.0;123.0;1.4;1.57;0.22;1.25;8.6;0.59;1.3;500.0;2
12.79;2.67;2.48;22.0;112.0;1.48;1.36;0.24;1.26;10.8;0.48;1.47;480.0;2
13.11;1.9;2.75;25.5;116.0;2.2;1.28;0.26;1.56;7.1;0.61;1.33;425.0;2
13.23;3.3;2.28;18.5;98.0;1.8;0.83;0.61;1.87;10.52;0.56;1.51;675.0;2
12.58;1.29;2.1;20.0;103.0;1.48;0.58;0.53;1.4;7.6;0.58;1.55;640.0;2
13.17;5.19;2.32;22.0;93.0;1.74;0.63;0.61;1.55;7.9;0.6;1.48;725.0;2
13.84;4.12;2.38;19.5;89.0;1.8;0.83;0.48;1.56;9.01;0.57;1.64;480.0;2
12.45;3.03;2.64;27.0;97.0;1.9;0.58;0.63;1.14;7.5;0.67;1.73;880.0;2
14.34;1.68;2.7;25.0;98.0;2.8;1.31;0.53;2.7;13.0;0.57;1.96;660.0;2
13.48;1.67;2.64;22.5;89.0;2.6;1.1;0.52;2.29;11.75;0.57;1.78;620.0;2
12.36;3.83;2.38;21.0;88.0;2.3;0.92;0.5;1.04;7.65;0.56;1.58;520.0;2
13.69;3.26;2.54;20.0;107.0;1.83;0.56;0.5;0.8;5.88;0.96;1.82;680.0;2
12.85;3.27;2.58;22.0;106.0;1.65;0.6;0.6;0.96;5.58;0.87;2.11;570.0;2
12.96;3.45;2.35;18.5;106.0;1.39;0.7;0.4;0.94;5.28;0.68;1.75;675.0;2
13.78;2.76;2.3;22.0;90.0;1.35;0.68;0.41;1.03;9.58;0.7;1.68;615.0;2
13.73;4.36;2.26;22.5;88.0;1.28;0.47;0.52;1.15;6.62;0.78;1.75;520.0;2
13.45;3.7;2.6;23.0;111.0;1.7;0.92;0.43;1.46;10.68;0.85;1.56;695.0;2
12.82;3.37;2.3;19.5;88.0;1.48;0.66;0.4;0.97;10.26;0.72;1.75;685.0;2
13.58;2.58;2.69;24.5;105.0;1.55;0.84;0.39;1.54;8.66;0.74;1.8;750.0;2
13.4;4.6;2.86;25.0;112.0;1.98;0.96;0.27;1.11;8.5;0.67;1.92;630.0;2
12.2;3.03;2.32;19.0;96.0;1.25;0.49;0.4;0.73;5.5;0.66;1.83;510.0;2
12.77;2.39;2.28;19.5;86.0;1.39;0.51;0.48;0.64;9.899.999;0.57;1.63;470.0;2
14.16;2.51;2.48;20.0;91.0;1.68;0.7;0.44;1.24;9.7;0.62;1.71;660.0;2
13.71;5.65;2.45;20.5;95.0;1.68;0.61;0.52;1.06;7.7;0.64;1.74;740.0;2
13.4;3.91;2.48;23.0;102.0;1.8;0.75;0.43;1.41;7.3;0.7;1.56;750.0;2
13.27;4.28;2.26;20.0;120.0;1.59;0.69;0.43;1.35;10.2;0.59;1.56;835.0;2
13.17;2.59;2.37;20.0;120.0;1.65;0.68;0.53;1.46;9.3;0.6;1.62;840.0;2
14.13;4.1;2.74;24.5;96.0;2.05;0.76;0.56;1.35;9.2;0.61;1.6;560.0;2
12.942.801.843.388.600;1.831.952.726.752.520;2.754.928.793.604.460;1.602.708.120.185.400;10.822.555.105.543.600;35.315.693.994.491.800;2.676.065.119.251.900;0.34120808148749726;3.135.920.332.962.510;7.287.344.530.681.910;1.307.220.639.114.710;22.845.197.964.938.100;6.135.031.355.165.930;0
15.358.052.661.731.500;2.195.642.433.647.090;27.425.841.506.548.500;15.678.580.929.759.900;956.563.807.904.304;2.291.612.548.149.400;4.352.505.355.347.350;0.093897235475491;26.551.976.131.476.900;509.163.505.297.575;12.166.098.831.628.300;4.211.213.530.788.640;1.697.203.267.738.120;0
14.272.508.474.857;15.478.837.317.559.000;3.130.582.069.109.640;11.645.788.610.646.100;10.761.637.477.005.500;20.154.426.297.143.200;2.623.457.433.167.770;0.20104202465663942;25.548.912.621.592.300;4.181.484.259.488.760;11.322.983.850.008.800;37.032.641.979.359.500;489.366.201.067.851;0
14.227.101.700.907.100;12.979.112.805.922.700;27.036.777.434.041.300;11.855.379.861.300.600;7.620.996.553.811.930;3.377.997.827.576.710;4.679.681.324.968.800;0.5122000577243563;19.028.748.561.531.000;5.641.262.165.180.980;11.765.314.638.550.000;29.463.590.059.537.600;20.145.339.044.422.800;0
13.017.815.449.250.800;27.098.186.721.985.000;25.600.989.611.696.000;14.180.598.858.220.000;9.915.190.018.244.980;3.046.578.945.030.990;46.075.359.717.705.200;0.3276555758797663;23.031.502.142.893.900;6.911.292.024.928.310;0.7357362279578787;4.961.564.245.146.950;9.872.689.147.483.060;0
14.536.917.959.609.300;2.926.201.236.850.480;2.139.211.259.292.790;1.778.904.031.771.190;13.336.538.839.287.300;21.152.626.641.210.500;5.692.304.409.470.860;0.3154898266382286;13.329.896.341.986.800;5.129.630.007.658.630;10.077.311.621.891.800;4.647.968.877.804.030;1.171.162.393.877.190;0
14.954.809.945.855.500;-0.1359201719887031;22.764.404.860.261.300;1.150.017.629.959.440;11.758.136.224.563.400;22.521.057.911.532.200;29.261.479.908.834.000;0.10120436734509741;2.691.381.442.902.270;-0.6964853954312806;11.058.371.028.988.300;20.432.842.184.987.400;6.637.879.290.646.980;0
13.808.290.784.452.200;0.956988217656345;2.006.003.649.600.480;13.579.357.676.205.900;10.954.961.755.476.200;25.128.720.779.511.300;25.142.241.797.833.300;0.09293313283745022;0.8079074922969116;51.339.547.990.893.500;14.631.814.607.048.700;27.943.676.312.563.300;12.166.506.025.387.400;0
1.303.149.973.171.090;16.002.876.974.747.900;3.058.724.096.177.520;12.247.918.704.348.700;10.192.233.553.134.800;24.213.377.456.281.100;2.161.141.909.623.550;0.21191321813052366;24.957.716.135.875.800;78.983.853.687.613.900;1.352.443.418.510.820;32.271.274.934.790.400;16.977.864.739.200.600;0
14.841.209.297.820.400;0.8758640932468065;2.033.208.089.761.190;1.444.744.461.903.290;12.006.183.858.626.200;33.901.168.923.231.800;4.673.703.633.341.640;0.22927236673644308;0.8054565926324031;8.106.874.463.462.740;14.498.175.113.504.300;3.036.968.491.668.980;15.661.613.140.319.400;0
14.680.759.970.259.600;17.922.955.695.446.900;27.940.148.715.776.100;19.014.715.385.549.900;8.945.559.079.718.300;2.670.648.463.998.630;33.493.513.387.750.800;0.16743847539650697;19.585.789.625.914.800;2.823.750.025.959.650;0.8225528705056225;52.428.280.340.934.500;11.825.773.932.405.500;0
13.509.725.878.652.400;2.190.427.711.674.400;22.369.816.766.845.700;14.726.654.716.046.800;10.201.596.984.675.800;247.009.900.778.045;3.846.207.937.475.080;0.2581518235971028;20.903.764.147.802.400;744.042.174.172.268;10.355.335.531.337.500;3.646.743.780.709.830;13.343.283.398.788.800;0
12.758.389.652.895.600;-0.423981102209706;22.666.937.592.971.900;13.964.978.264.371.500;1.148.379.597.795.360;35.097.954.445.893.800;4.450.339.868.986.330;0.25126750425773664;19.434.114.636.598.300;4.327.650.589.672.140;10.415.544.186.838.800;35.786.640.543.484.700;15.839.203.447.927.100;0
1.221.851.639.023.850;0.233850066246847;25.138.354.273.245.800;24.849.077.777.911.700;12.456.557.301.560.800;2.249.442.531.719.350;25.137.742.769.334.900;0.195287819051048;0.8668544658213899;0.8967405865451767;1.160.305.201.649.090;38.179.261.987.681.500;1.436.958.527.604.400;0
1.455.145.447.037.430;33.176.463.377.699.300;2.344.226.443.971.080;14.652.970.761.491.300;8.971.107.259.355.250;3.878.716.766.387.390;23.310.943.515.935.300;0.31330029800510484;2.438.084.808.238.120;9.437.862.886.241.070;0.915744397270776;29.625.561.245.852.800;14.164.492.351.496.700;0
1.418.215.120.090.990;17.488.201.975.494.900;2.532.509.088.209.760;21.405.852.702.042.600;10.161.170.503.675.600;2.105.926.717.136.190;21.518.006.362.686.200;0.14523075721059658;0.9436382485503438;29.006.340.012.276.900;0.7322650080869857;30.922.385.021.285.600;13.006.180.513.193.300;0
14.698.398.708.024.600;27.675.828.085.826.600;2.613.183.496.308.190;11.944.597.598.645.000;1.129.751.338.881.970;33.802.641.020.708.100;5.103.672.142.346.170;0.09977731489094371;2.334.374.297.183.240;8.327.052.824.271.260;1.262.357.159.262.380;3.776.792.103.986.780;9.086.529.077.407.140;0
11.767.763.349.341.800;16.937.399.698.115.100;31.518.914.716.068.700;18.837.615.388.161.700;9.757.136.315.551.800;17.839.291.672.609.300;2.638.954.584.253.380;0.091962484142212;21.967.069.146.855.600;40.098.600.227.418.000;0.94173883350701;3.529.395.684.734.470;10.450.300.289.144.200;0
1.188.744.332.300.630;2.957.933.252.989.770;2.215.891.069.521.040;15.837.045.655.601.700;909.131.928.393.327;2.683.329.861.138.990;18.142.885.608.578.500;0.12917181460797236;2.654.762.939.391.560;37.898.702.067.809.500;10.034.838.330.243.600;33.573.689.696.603.400;108.144.368.183.647;0
11.713.751.901.311.400;35.115.186.968.412.900;29.299.260.898.356.400;20.894.447.849.822.600;11.643.771.546.531.300;24.524.389.765.172.100;31.759.556.459.571.200;0.41701084683353845;22.239.428.464.701.200;10.296.310.726.176.100;0.8260900949398303;3.315.764.066.900.270;9.506.778.430.957.840;0
13.553.121.508.686.500;14.853.768.626.685.000;22.891.482.836.356.200;118.378.476.316.874;1.152.324.722.101.090;31.154.395.034.928.000;32.827.208.054.506.200;0.24114647504847633;2.389.115.321.565.520;6.785.134.972.202.320;0.9438524527799073;34.700.694.566.297.200;9.204.022.410.226.580;0
1.320.819.112.166.670;15.730.859.567.973.600;26.113.982.891.292.500;10.722.826.254.872.000;8.782.935.098.398.580;32.160.095.829.618.700;38.967.668.563.102;0.1871667431291389;10.147.905.828.219.700;4.450.483.019.147.670;111.532.040.281.544;29.872.015.527.881.400;11.978.934.310.943.400;0
14.322.490.274.835.200;25.091.330.339.152.100;23.641.786.142.950.200;13.816.332.490.633.900;11.099.842.935.095.700;19.392.904.384.391.800;4.941.004.856.678.070;0.1731073263284496;2.025.502.167.608.780;5.202.319.847.088.000;0.8803877688695335;4.093.403.699.735.890;9.347.311.386.592.270;0
12.985.308.158.988.200;26.435.307.744.029.900;17.580.148.952.422.600;17.939.775.510.785.200;10.267.081.154.080.000;2.395.884.282.265.820;35.481.948.813.403.100;0.17469404145114065;19.284.511.808.954.700;27.588.626.209.824.200;0.8537713585460475;39.722.497.207.344.000;8.522.523.959.759.140;0
14.004.532.645.696.800;0.22615263391907625;185.805.503.697.285;22.728.993.176.713.200;731.637.771.894.949;3.736.927.389.312.620;244.832.935.851.416;0.17344356438202335;0.7169207208523443;27.140.281.163.605.800;0.7006375754008312;32.874.603.114.753.700;9.892.578.351.231.430;0
1.235.296.798.735.380;-0.4705196832276295;27.055.284.061.748.800;191.849.994.783.235;10.098.449.470.896.500;15.336.374.607.398.700;3.577.380.571.454.730;0.2864609304698875;18.735.937.899.216.000;47.648.963.052.571.800;11.202.851.878.191.100;2.543.444.434.697.330;1.004.000.460.599.200;0
13.330.129.517.806.000;20.735.494.765.554.300;2.418.566.738.143.130;10.823.182.222.222.500;12.007.112.557.216.600;24.127.184.435.878.900;0.07915647058262465;0.39185884169733365;17.052.267.362.908.300;3.695.876.374.928.290;12.712.904.318.377.400;34.552.632.731.095.900;10.236.936.359.447.500;0
13.445.774.265.006.500;2.838.028.790.722.640;19.243.574.358.615.400;10.845.803.870.308.700;14.668.731.105.494.200;32.354.273.502.376.700;27.615.768.777.294.700;0.3149585612977067;24.873.892.733.752.400;5.562.145.961.967.680;13.905.937.787.638.900;3.195.103.644.396.190;6.152.185.723.368.540;0
12.551.644.654.615.300;-0.4252044358129865;2.617.755.308.177.470;19.968.571.308.998.700;916.357.529.372.708;13.546.300.917.666.500;3.562.636.336.650.600;0.36781589508355195;11.760.258.430.097.900;3.362.328.073.115.700;12.005.245.601.906.800;2.330.427.718.362.030;7.086.662.826.609.260;0
14.292.978.403.771.200;0.49862974093301915;21.492.854.889.642.400;15.794.964.329.786.900;892.928.940.444.174;2.189.801.393.752.080;27.781.283.736.791.400;0.11960416967077397;20.788.492.345.069.900;33.499.281.872.063.600;0.902682493124416;30.849.515.158.285.500;1.505.195.175.547.110;0
13.057.921.479.380.500;-0.06844889604797744;2.464.911.391.788.550;1.595.015.052.068.240;11.639.436.325.550.000;27.118.969.181.209.800;2.013.065.891.376.080;0.27896686635226653;1.244.438.091.117.610;7.052.604.052.727.610;10.672.993.390.210.900;1.816.152.977.784.610;4.671.612.795.461.390;0
13.518.659.145.895.900;21.103.989.251.485.100;2.650.565.070.069.640;22.732.504.486.984.400;1.018.443.212.376.760;2.673.734.706.485.610;0.9380965703233548;-0.045154303925508454;31.005.755.627.825.300;5.699.219.416.860.270;0.9368927208807307;3.006.611.904.742.710;6.353.863.957.808.950;0
13.415.650.983.627.500;11.228.667.557.217.000;2.103.036.900.521.690;21.835.266.784.706.100;11.130.370.881.473.000;15.351.220.052.807.000;0.7502279396939553;0.2686436606900951;2.592.164.197.921.160;183.655.886.100.069;11.099.531.182.826.800;27.767.803.473.934.800;14.037.811.880.058.200;0
1.244.093.717.995.690;10.745.732.737.789.200;25.841.649.404.203.000;2.033.048.091.042.230;11.786.161.186.453.900;26.615.598.836.571.800;3.009.848.350.957.460;0.28438847957171226;0.4751400879263714;2.715.489.535.027.910;14.200.134.447.198.600;45.096.785.555.290.400;11.992.556.560.951.200;0
13.344.534.175.389.800;0.9757096210428398;2.379.711.722.110.640;21.484.165.115.663.000;10.489.267.223.095.200;274.246.978.686.369;3.535.023.278.174.820;0.39956039333411747;2.947.731.502.146.800;4.021.392.362.763.120;11.725.487.512.418.100;4.156.007.830.634.400;14.070.275.578.914.800;0
13.578.369.028.986.200;16.424.439.275.238.500;2.443.893.919.959.840;1.707.918.294.719.800;7.972.597.858.102.860;32.934.731.952.099.700;1.151.474.525.167.030;0.3129383155105497;23.859.114.262.648.800;7.532.406.522.629.560;10.526.386.635.204.700;38.221.101.967.589.700;5.588.928.388.901.870;0
12.870.745.513.209.800;18.937.631.864.784.500;26.389.703.780.966.900;14.950.411.269.675.500;10.493.465.314.537.600;3.105.762.919.064.750;33.854.340.486.848.200;0.234647391916668;2.191.901.784.423.510;32.314.201.772.196.800;11.152.300.293.197.400;3.438.803.870.147.950;2.108.467.272.583.450;0
12.340.947.636.271.500;18.518.594.116.161.000;20.763.508.156.294.400;16.988.508.461.185.900;1.036.193.771.340.020;19.623.819.271.147.300;39.645.170.533.745.000;0.619858120053915;2.212.423.943.639.350;4.558.901.323.796.700;0.9109137280885444;31.720.401.216.875.300;12.087.215.106.723.700;0
13.196.528.900.835.200;2.996.830.705.424.970;16.575.785.339.516.100;1.937.389.266.820.680;11.615.694.127.863.600;0.9922009580983324;18.961.096.005.845.600;0.08033304942793848;1.494.363.474.581.790;0.12026162764266513;0.9390601810443775;24.983.571.127.468.600;11.726.408.230.251.300;0
13.471.971.302.654.000;2.449.090.199.925.180;2.913.874.187.666.980;14.302.923.502.476.700;10.404.359.001.530.900;29.550.235.726.473.000;34.504.256.949.526.600;0.3172329752465476;0.8237042305269555;73.903.426.419.114.000;11.756.187.108.961.600;26.676.788.348.494.700;13.266.635.106.343.600;0
14.528.062.114.604.000;2.081.558.656.596.230;26.902.916.226.437.400;1.160.511.226.423.350;9.458.426.658.724.910;30.162.365.501.703.600;38.055.423.325.833.900;0.3857642700735769;2.800.305.914.219.390;7.185.539.221.858.850;10.063.672.563.809.100;20.118.741.342.767.900;15.468.285.371.224.900;0
14.637.660.002.436.000;28.920.615.341.120.600;19.493.956.769.982.200;17.374.593.297.126.300;8.887.138.884.940.430;19.949.361.135.467.000;27.412.220.457.901.100;0.19308954291365887;1.896.562.176.081.780;14.968.246.875.808.200;1.039.651.983.834.940;3.000.138.827.961.630;10.267.673.740.122.800;0
13.510.241.356.481.000;3.807.315.106.501.520;20.174.705.211.197.500;1.173.344.584.510.860;8.603.930.434.364.530;3.325.084.213.363.000;3.713.877.310.813.820;0.27719925751108715;1.867.980.133.646.140;9.758.016.560.243.120;10.885.284.279.951.000;4.228.927.358.319.650;1.083.969.605.254.680;0
12.793.013.611.351.300;13.059.596.195.586.000;25.771.570.894.212.700;1.929.403.348.880.460;10.515.014.516.098.700;2.594.825.816.614.960;13.468.739.444.030.100;0.5883755562871115;0.8538213516953941;34.155.670.052.645.600;10.331.379.755.043.700;4.471.992.324.617.780;6.999.372.494.301.510;0
13.772.312.034.425.100;2.271.526.813.522.060;25.675.323.030.552.500;2.005.018.374.353.750;9.859.543.615.712.680;16.443.376.296.451.700;28.269.514.039.270.900;0.16161544878260672;2.772.236.884.642.730;8.267.531.829.924.510;12.379.301.090.405.700;36.751.221.732.279.000;10.049.951.856.470.500;0
1.345.360.196.027.200;27.984.795.376.408.900;2.501.375.002.665.780;13.378.858.482.873.100;961.617.379.252.911;3.124.888.587.883.850;27.137.639.796.298.500;0.19144070018343115;15.785.083.797.436.400;58.705.441.735.135.200;121.108.470.250.071;3.602.622.010.802.650;12.144.627.393.759.500;0
13.936.888.193.635.800;1.068.951.572.433.260;25.346.967.448.139.900;2.232.896.444.350.930;12.115.694.607.369.000;35.343.780.297.630.800;3.792.511.065.293.380;0.18486444044191935;0.980687804980183;6.095.687.459.301.130;0.8973892413948704;4.040.025.349.647.960;6.114.767.803.985.440;0
12.661.971.232.543.800;2.759.724.367.658.870;264.945.951.214.967;15.221.895.226.228.100;11.643.916.670.766.400;3.960.955.602.635.880;47.064.143.154.945;0.49986569558862093;2.237.594.285.682.070;4.242.240.288.037.040;10.013.960.673.097.400;24.942.178.968.632.600;6.347.326.001.064.830;0
12.600.265.124.941.300;2.243.733.624.893.040;27.486.625.543.274.300;19.908.905.392.651.500;10.718.800.788.861.600;17.277.109.621.744.500;3.893.457.810.174.850;0.5155295309539077;12.430.592.645.867.800;37.582.794.137.144.600;11.144.122.809.316.500;17.107.200.251.005.100;11.461.012.967.518.300;0
11.988.825.695.984.500;16.914.547.691.897.800;21.901.993.345.921.500;14.480.255.408.292.300;8.799.587.277.636.100;2.149.826.664.366.560;3.831.799.032.152.770;0.21114601111554665;35.585.435.258.976.500;6.717.693.956.783.350;11.896.924.302.333.100;32.857.442.726.773.400;14.489.937.977.804.700;0
14.475.105.635.790.000;-0.02939045998724077;2.568.641.401.533.490;21.479.804.578.025.400;8.252.867.218.301.920;374.750.019.489.825;10.591.801.665.035.100;0.3084605869850004;0.7285022855209708;76.172.436.688.575.700;10.728.541.196.952.800;3.860.946.814.593.550;1.673.647.960.116.230;0
13.624.177.619.561.000;18.320.456.805.694.900;2.679.839.594.393.250;11.919.523.360.020.000;13.335.521.337.359.600;2.124.093.254.258.780;16.927.315.509.849.900;0.25633355429086496;2.059.316.607.074.430;2.740.192.635.176.030;13.158.667.894.918.700;47.157.180.736.156.600;8.768.716.493.619.900;0
15.367.736.187.685.700;0.9855203839368014;2.390.777.297.178.740;12.931.596.796.592.300;650.300.638.868.418;2.884.963.108.538.160;5.020.129.253.604.910;0.25533499551090233;263.691.005.853.949;506.360.958.381.141;1.044.555.762.140.460;3.048.154.118.093.710;93.742.970.817.891;0
12.733.065.518.966.700;4.574.097.259.554.450;20.478.190.726.092.300;14.962.579.284.876.500;7.276.439.192.059.610;2.703.023.069.400.500;4.067.172.425.582.880;0.35231377104402944;10.711.992.922.522.500;2.463.418.428.572.460;1.015.235.459.465.150;2.530.479.875.490.880;1.157.055.628.336.750;0
14.791.302.825.527.700;0.1208312282723567;2.919.218.677.898.260;19.514.637.551.075.400;12.705.634.358.190.600;30.462.604.215.721.400;5.592.667.447.695.480;0.2618790514254645;148.355.220.918.366;5.429.931.949.542.710;10.628.444.748.400.700;28.838.988.998.131.500;11.785.719.826.729.200;0
13.820.347.696.789.800;20.647.352.794.645.900;2.700.046.780.628.220;18.560.157.497.019.500;10.518.230.065.973.800;29.276.382.949.071.500;38.750.621.617.377.900;0.12831832206024774;22.114.373.096.081.500;1.090.576.055.637.170;0.8798359625464305;36.287.970.612.763.900;1.867.784.747.480.680;0
15.476.155.553.139.300;24.904.813.044.411.300;2.812.616.510.528.140;18.495.014.697.096.600;1.057.115.510.820.070;23.936.714.759.462.100;102.281.175.052.339;0.20123590670116875;11.769.544.089.822.000;5.519.845.680.427.670;1.253.138.687.169.940;32.783.531.992.927.500;11.789.892.028.533.800;0
13.802.014.377.561.700;17.250.621.344.652.300;2.193.084.319.619.720;13.422.681.958.678.800;753.094.522.657.191;355.775.017.505.968;31.359.461.578.267.600;0.4534286698048543;3.309.651.590.707.370;5.835.827.167.070.810;12.170.427.789.979.900;28.553.803.964.786.200;16.691.815.238.500.100;0
12.360.413.031.883.600;0.5579175855715532;2.310.815.007.318.910;16.348.064.102.813.500;9.846.209.773.116.770;33.430.484.466.881.600;27.999.262.111.414.600;0.07309277351997392;13.578.207.409.276.500;12.153.331.881.546.100;0.6905578635378835;23.307.870.432.182.300;18.537.943.695.618.700;0
12.949.286.969.333.700;20.745.881.286.635.300;2.922.234.513.964.040;21.402.405.828.162.200;9.094.757.408.661.910;23.860.840.004.463.300;3.172.703.366.355.830;0.3278127404167158;12.059.994.834.267.600;6.453.856.299.381.470;0.9577281471281672;12.995.598.315.048.600;15.658.901.924.128.000;0
15.094.532.898.347.000;2.735.141.536.370.780;2.234.537.503.494.990;14.248.494.459.118.200;6.614.462.792.813.750;22.923.791.084.261.300;2.663.364.985.871.260;0.28252161856968444;231.595.258.992.001;7.490.272.180.245.220;0.9384726434407896;3.392.598.060.338.370;12.295.648.158.424.200;0
11.973.550.324.727.900;3.311.858.622.632.160;35.314.359.363.352.600;2.679.495.938.326.690;853.499.866.780.345;28.876.177.519.475.400;10.809.550.311.422.400;0.8485547178167911;26.919.321.558.494.400;6.568.583.156.155.510;0.7885196544946094;22.838.803.848.108.100;7.471.022.143.713.100;0
14.654.021.949.773.900;0.8526091709586888;24.698.000.977.936.500;1.540.487.928.662.190;13.240.896.927.994.400;3.334.302.311.801.250;34.445.321.013.077.300;0.39575875561732266;19.871.151.519.431.000;4.086.297.453.659.080;10.354.656.660.188.600;4.522.656.642.892.250;8.372.455.913.597.440;0
12.798.702.501.744.700;1.998.953.107.786.040;29.289.640.402.110.300;19.518.054.359.421.800;9.917.490.120.236.880;33.205.380.158.562.600;30.219.560.926.066.300;0.14239446861240362;0.7974845393653205;21.628.167.508.687.500;106.227.479.148.167;3.083.614.383.861.090;14.414.988.959.143.500;0
14.116.756.235.862.800;39.696.853.451.451.700;21.763.516.857.911.500;14.887.258.078.921.400;9.689.566.805.160.640;33.974.989.335.487.300;168.119.534.865.932;0.11278868889103472;0.7314412610051616;8.432.364.554.018.890;11.505.817.791.456.400;33.971.941.164.934.000;27.465.811.018.845.800;0
12.808.626.562.022.700;14.781.321.416.656.900;17.279.084.038.299.300;1.806.464.327.220.850;9.724.476.316.525.520;39.429.535.482.952.300;33.351.505.981.979.500;0.11735932309321137;18.365.490.218.021.600;3.824.170.767.689.450;0.653704062042118;3.104.623.671.206.910;14.331.827.897.377.500;0
11.963.325.649.410.000;4.126.511.589.924.720;18.283.353.560.686.900;2.452.055.234.742.290;11.441.038.903.244.600;37.753.762.566.812.000;20.711.531.150.509.600;0.277890312515303;31.279.068.375.040.100;4.927.930.638.697.250;0.13986077218427828;0.9187480455087995;3.615.482.872.646.970;1
13.472.344.450.300.100;0.5898891765685894;27.478.960.131.392.100;2.787.201.835.708.380;16.728.472.995.056.300;20.597.580.701.290.600;21.985.857.279.249.400;0.02933900289376931;19.259.222.127.204.700;0.595080541419148;12.237.271.067.185.600;34.306.975.449.415.200;9.624.860.524.881.750;1
13.061.496.209.334.300;6.200.759.535.940.480;23.113.627.584.987.700;2.045.437.975.558.890;9.682.954.924.357.620;16.786.745.197.971.400;1.860.296.619.206.810;0.30557124016412623;0.5444006350513433;2.985.926.460.021.550;0.778308650341346;3.390.993.137.294.560;4.986.592.380.148.490;1
11.284.626.766.223.600;32.585.997.315.661.800;23.749.990.798.663.400;2.056.907.031.209.970;1.118.119.738.936.160;3.770.136.129.136.990;16.983.934.570.743.600;0.5157178224487932;15.746.128.599.607.700;0.1566839043574686;0.5319651511045098;4.075.100.094.410.250;4.611.180.113.727.410;1
12.480.066.016.416.800;16.785.812.201.188.600;270.859.584.314.073;2.014.027.693.849.370;6.748.305.101.239.860;13.620.478.277.674.900;10.485.905.807.606.200;0.466618728681343;14.421.490.859.977.900;-20.060.394.501.044.200;13.271.469.562.222.100;1.809.525.799.941.360;90.114.196.981.742;1
12.590.060.709.797.700;0.30473814283233525;2.234.489.037.885.430;17.295.721.413.674.700;10.433.989.010.069.700;2.225.998.792.164.580;17.588.662.669.973.200;0.5156304216437562;0.8363983079414337;6.735.559.419.796.300;0.9132328132418699;2.056.937.077.004.740;5.585.731.702.904.060;1
12.553.087.971.622.600;0.05643721838167304;19.245.567.606.730.200;24.944.425.757.388.000;1.022.310.676.123.030;25.487.017.563.483.700;28.183.596.442.459.700;0.1437617350624282;0.830765072958772;43.290.275.280.777.800;11.906.990.787.975.000;3.749.105.457.083.770;1.830.982.867.599.820;1
12.323.272.431.369.700;16.180.894.302.306.400;25.356.511.803.203.200;15.296.413.951.619.800;780.279.961.939.752;3.311.455.281.142.470;2.881.368.340.488.110;0.20674444620396154;0.38205361154337725;35.362.254.500.572.600;0.9723988782045506;3.111.769.491.293.250;3.074.577.589.600.670;1
1.194.736.057.077.820;10.052.693.352.071.200;27.315.155.855.487.500;13.378.866.772.021.500;1.318.320.772.363.050;25.599.967.423.082.200;2.723.582.739.090.720;0.6658562312606456;0.4385725912038022;41.590.702.921.606.300;10.216.775.586.637.500;1.508.576.492.792.950;48.927.806.795.602.500;1
1.204.304.019.812.580;2.118.421.994.476.540;2.367.100.383.176.370;14.689.146.699.079.100;866.606.164.883.773;1.903.243.441.603.330;18.275.062.711.686.500;0.5598232324017823;12.043.475.072.023.000;2.828.054.762.457.700;11.879.708.512.140.100;206.323.153.314.184;8.390.295.720.048.920;1
10.413.623.131.430.900;2.170.493.999.102.050;25.900.921.456.615.400;24.824.590.189.137.400;12.990.849.003.160.500;11.954.724.057.371.900;3.031.908.814.670.450;-0.13657391036603117;1.613.007.310.186.360;4.192.405.202.183.070;12.416.064.058.505.500;11.733.577.385.733.400;11.936.055.049.762.400;1
13.273.282.544.581.600;0.9365462916624896;22.364.471.963.948.600;11.840.748.268.926.500;11.309.550.510.427.000;26.361.096.613.845.000;117.560.777.434.938;0.791518212446657;-0.38203618044149384;-0.012096259320914182;1.205.657.195.100.910;2.885.229.333.142.700;28.678.720.025.080.000;1
12.296.983.268.619.000;3.973.193.914.778.270;3.103.882.105.821.330;25.113.050.080.776.700;1.100.585.388.517.610;23.544.190.445.203.400;13.427.785.477.581.900;0.6667779054633276;14.057.520.269.426.800;33.821.591.639.958.400;11.490.826.571.815.000;23.474.907.910.305.600;3.275.930.951.438.890;1
11.950.272.985.643.300;5.133.658.386.197.370;1.543.228.546.332.780;14.961.898.205.136.700;8.620.931.632.600.700;14.812.058.080.586.500;13.829.470.733.039.600;0.2658249020294037;0.9137097257536752;5.498.440.815.992.120;0.6265929071899455;13.307.187.794.180.800;8.051.724.945.478.610;1
13.625.364.246.163.900;3.667.541.719.060.100;22.533.832.222.880.300;19.398.083.067.003.500;8.833.215.256.532.290;33.610.460.001.195.800;350.709.934.262.781;0.5613808864550491;21.518.830.434.453.100;10.754.475.593.356.800;12.452.457.078.913.200;27.184.766.167.371.800;3.049.073.524.032.570;1
11.885.190.944.385.200;2.696.738.979.978.560;2.214.701.651.343.270;23.491.687.087.782.400;11.150.276.690.866.800;16.635.652.790.977.700;0.08759714784225547;0.6613440260914678;2.296.221.552.941.640;4.200.787.109.672.010;13.994.856.911.259.600;0.937510690832313;5.647.474.613.935.140;1
12.001.707.336.515.500;20.467.871.785.336.500;1.643.682.325.268.170;2.227.006.831.853.850;9.860.220.679.416.430;2.046.524.900.131.280;1.869.241.252.843.210;0.29013806729456;11.999.073.915.835.700;3.918.105.316.983.290;1.092.941.250.340.970;27.990.071.630.994.000;1.285.541.466.125.310;1
12.557.975.192.750.400;-0.5538555439735561;22.797.496.166.794.100;1.671.038.344.704.220;11.665.738.519.500.900;24.028.948.196.808.900;30.044.958.292.417.700;0.38984956641285534;1.852.790.235.576.940;27.982.008.210.335.900;11.925.186.937.893.200;34.732.899.030.370.100;11.314.957.015.921.600;1
13.124.127.627.326.400;18.930.526.053.837.900;21.012.286.664.979.600;17.972.854.732.146.400;7.227.554.996.970.310;13.351.898.782.207.500;0.9632801716481936;0.5232099237746913;29.284.126.429.432.400;315.982.648.307.768;0.6908111590858584;26.570.346.461.775.400;10.680.669.715.290.100;1
1.354.289.668.751.180;1.651.206.828.466.800;23.076.953.467.335.800;2.252.290.304.808.170;8.700.657.890.245.620;134.786.323.073.055;3.080.033.196.357.270;0.36836948801497715;14.922.996.332.769.600;4.891.617.579.374.830;12.294.240.703.982.400;4.324.564.767.548.090;1.575.815.584.568.830;1
12.885.562.651.505.400;19.828.827.145.255.000;2.333.442.068.416.440;14.610.329.210.628.500;9.672.050.879.876.350;29.466.128.259.465.000;1.827.513.326.195.610;0.15617135779983812;0.6802390686532931;4.799.911.211.659.610;1.272.556.693.602.120;3.375.063.283.836.790;-44.778.166.211.866.500;1
13.338.351.261.457.500;2.202.997.009.424.050;15.132.156.958.973.800;14.917.704.807.683.400;870.187.522.103.853;20.367.918.295.162.100;0.9916143029279131;0.3498046816036795;1.390.806.312.216.780;4.692.056.895.163.460;0.8954926244495193;2.709.692.510.526.570;5.872.441.911.391.120;1
12.704.119.826.073.300;0.12986633451524776;26.538.248.399.855.600;24.954.762.249.136.200;16.728.825.021.151.700;40.624.075.536.336.700;4.869.369.751.676.530;0.2170048174701983;0.9849209973685249;39.666.597.694.053.400;13.705.824.487.239.500;3.952.501.628.970.080;10.343.764.407.441.700;1
11.715.145.195.837.800;1.102.719.786.181.930;2.214.551.669.159.740;21.025.654.334.888.200;9.326.456.606.419.010;23.867.115.680.891.800;31.630.138.033.595.100;0.41536411152687275;22.815.503.810.865.400;10.674.296.224.168.600;0.42133059598995004;3.623.530.705.964.350;34.496.137.970.044.500;1
11.465.740.187.178.800;2.150.618.546.117.070;22.378.432.973.992.600;20.078.803.492.002.700;10.082.123.332.259.900;29.635.692.933.912.600;2.359.081.061.425.570;0.3070856955888875;25.065.067.336.671.600;-0.49048885125844244;0.7289631280752715;2.723.700.488.710.490;4.079.311.623.818.870;1
13.332.776.070.547.100;2.183.406.095.366.780;2.238.999.457.223.380;22.018.994.765.416.700;4.198.913.464.025.980;23.877.216.269.522.500;21.173.696.402.151.200;0.6119067727267515;0.46830251144980517;0.848308116804871;0.5218471696244178;4.778.153.064.834.990;-547.551.942.425.823;1
1.122.867.474.362.380;2.010.316.291.449.640;2.325.770.239.607.670;16.443.537.737.391.300;7.312.018.629.898.330;32.235.095.213.242.500;26.680.109.922.799.300;0.06279527617636449;1.504.903.204.946.390;4.484.369.673.940.630;0.6080231187859766;4.283.688.737.081.480;6.921.985.731.150.970;1
11.113.503.817.134.500;14.002.160.086.397.400;28.732.382.290.307.400;267.231.312.063.375;9.538.264.031.333.200;18.454.544.625.386.700;19.089.730.622.355.700;0.2662983783128546;29.953.336.471.216.300;-24.368.667.344.837.100;0.5144673193576494;33.710.079.161.173.700;43.291.116.982.457.800;1
13.517.050.362.296.000;10.282.149.823.550.000;19.268.871.700.987.500;20.676.653.406.303.500;632.627.739.382.942;28.895.150.354.964.500;17.717.106.181.918.200;0.19936204031193766;2.250.157.010.415.000;38.028.916.132.620.600;0.9597014488916917;27.432.940.086.810.000;13.809.470.953.647.000;1
11.044.009.797.045.600;40.489.962.438.911.800;2.883.499.061.388.520;30.644.712.258.123.900;11.383.171.143.618.100;3.340.718.367.606.810;3.066.127.774.019.590;0.40072234604242846;22.111.341.912.392.600;22.731.970.398.684.800;0.5570073606850032;3.497.708.410.264.710;2.877.198.168.343.310;1
1.313.820.704.503.310;0.8825642576617123;15.748.365.149.698.000;16.314.333.755.446.800;8.131.070.687.442.840;18.124.432.376.747.700;2.544.285.810.752.970;0.42851016341568615;0.2858320652222533;6.013.581.041.362.420;0.9674977488205159;195.064.925.276.782;9.572.271.427.503.320;1
11.775.835.322.256.500;0.7292258146518088;280.811.788.633.999;22.662.553.208.078.700;9.151.704.515.472.430;16.700.662.059.031.800;23.592.902.290.911.800;0.37099957975827963;24.836.471.922.722.200;6.323.748.200.926.940;10.203.220.424.668.500;353.579.850.074.396;6.783.392.536.045.110;1
11.567.654.442.530.500;-10.971.008.844.727.300;3.018.636.491.503.190;17.929.713.849.931.400;1.125.856.817.872.770;36.427.559.394.039.800;3.251.125.303.116.950;0.3725400029791777;2.573.576.077.041.290;54.614.422.399.249;14.289.275.661.213.100;2.733.110.244.733.420;4.029.945.834.002.790;1
12.471.722.250.667.100;479.076.142.984.135;2.662.938.802.665.500;2.235.072.508.056.380;9.616.718.386.385.730;20.788.468.241.838.900;18.150.276.449.719.400;0.4469193544223445;2.477.186.250.810.480;13.154.327.177.506.300;12.985.171.527.242.400;3.301.314.366.272.570;-2.744.069.440.357.270;1
12.792.883.118.963.200;-0.1466222251736513;19.924.522.960.635.400;18.003.018.300.548.500;8.406.507.266.137.200;23.650.864.063.231.500;1.789.093.470.729.620;0.4182337412867805;16.453.114.977.025.800;1.711.301.873.211.200;13.474.541.685.266.900;14.207.389.860.896.700;17.014.441.951.354.900;1
1.342.108.789.534.440;0.004353469838024648;1.933.489.960.246.640;2.304.307.483.691.130;7.655.384.653.987.930;17.537.581.929.912.700;1.177.063.645.837.160;0.2685557102286534;18.154.944.561.285.300;21.306.322.322.007.200;11.266.229.009.988.700;2.441.983.353.308.290;3.334.651.399.470.930;1
12.492.220.134.377.800;-1.586.345.811.953.900;1.607.137.311.144.880;22.382.732.262.381.200;8.353.889.430.325.600;2.181.719.105.098.380;23.904.435.866.223.300;0.44612944791566655;12.159.182.808.845.700;3.479.980.023.364.560;1.040.058.471.261.560;2.631.720.257.587.030;11.983.975.547.473.300;1
11.514.781.163.621.900;19.948.762.641.392.700;17.481.860.295.622.100;1.147.204.573.760.350;8.981.550.486.251.620;26.258.387.503.949.800;-0.23706806626775734;0.7559599484978718;0.803996091722133;68.052.765.050.229.200;0.8761611149246259;22.520.848.519.724.100;6.671.014.846.778.420;1
12.807.625.543.974.300;0.8326879227874195;1.746.769.411.149.070;28.168.432.929.409.400;7.421.155.303.358.080;2.437.796.220.356.590;16.327.805.779.018.700;0.03897916985108041;21.126.487.119.739.300;0.35383899183330847;12.753.174.682.818.100;28.406.011.234.008.600;5.315.323.341.699.260;1
13.156.446.216.253.500;1.019.399.391.666.600;21.734.688.975.871.400;25.238.230.587.015.800;8.862.278.402.699.600;19.310.737.912.235.600;-0.16048333874944554;0.29906078402967534;12.286.552.155.367.900;39.095.686.960.832.000;10.533.739.281.369.300;4.190.632.043.903.280;29.376.221.654.184.800;1
13.519.534.482.458.900;206.844.969.046.583;2.050.048.073.337.560;24.072.468.627.458.500;9.460.319.036.523.290;1.705.017.371.499.380;2.314.164.810.096.470;0.3097231091619258;0.5394561708086909;2.658.011.208.435.170;0.6955197239134864;38.034.967.918.659.500;-1.763.781.209.250.140;1
12.706.645.218.155.300;11.032.228.808.957.200;23.003.652.278.815.300;13.875.249.197.231.100;11.006.926.962.536.600;14.594.473.941.150.000;0.9904963398722559;0.5081623960561366;0.09868306078556732;43.311.436.003.856.000;11.311.813.285.670.200;17.305.899.448.924.200;45.430.666.564.485.900;1
12.816.031.062.564.400;2.749.818.897.240.760;22.118.793.358.714.300;17.009.957.125.270.500;8.991.359.088.890.000;13.155.598.693.225.700;0.38178737561681386;0.5347034198063823;0.5040028195295663;15.248.692.530.649.300;0.7312436967088379;3.265.569.276.109.770;43.031.946.370.831.900;1
13.799.963.890.547.900;4.244.956.660.555.500;25.217.121.636.604.500;1.740.094.882.733.380;7.020.447.333.381.960;22.987.810.937.099.600;2.065.315.679.107.670;0.3468487824925045;0.36080869447726616;4.893.669.426.505.010;10.530.462.444.592.000;24.453.557.726.918.700;7.824.091.122.816.840;1
1.254.168.406.528.380;2.183.379.324.861.050;2.178.808.943.837.350;25.096.786.418.881.900;10.832.924.527.072.800;25.299.672.977.975.500;13.682.899.382.303.900;0.17643127495634986;0.8436987098036067;3.164.852.299.929.650;0.787240834128093;4.156.788.423.563.670;3.568.823.198.240.040;1
13.908.006.778.049.900;0.8901729132630577;15.682.582.868.618.100;1.793.204.634.649.090;7.577.597.895.225.790;32.700.712.282.176.000;19.766.751.582.544.700;0.24390637410762123;26.488.808.585.091.500;7.808.108.650.500.680;11.946.680.961.434.600;18.271.145.776.077.900;9.470.523.039.639.770;1
14.004.771.673.857.700;2.868.442.597.070.560;20.764.858.410.784.300;21.414.250.892.298.100;10.917.830.013.550.700;16.856.886.971.984.500;232.350.978.319.233;0.6997937136547052;16.329.367.262.357.700;4.594.082.763.002.860;0.8853866771479189;3.394.484.777.428.830;284.651.118.372.021;1
13.616.885.714.117.600;1.834.931.211.913.050;23.517.401.641.235.500;14.475.159.327.318.900;9.137.513.259.218.590;2.062.282.183.594.030;3.086.394.860.616.450;0.24120250486532435;16.197.065.651.188.700;4.074.169.424.071.950;12.947.313.828.998.800;34.137.385.896.611.200;3.466.764.574.350.260;1
12.070.162.535.163.800;16.950.786.754.585.700;25.123.664.300.597.100;15.274.240.121.958.800;8.881.342.704.429;3.148.885.307.382.080;15.020.493.569.485.300;0.25403490831478925;0.951714422433172;20.014.800.255.822.900;0.7529490272913847;33.678.249.685.111.900;30.422.902.586.724.600;1
11.988.335.418.366.900;14.090.871.395.700.900;1.914.290.475.148.970;15.521.901.689.135.000;6.861.629.348.742.570;33.138.876.050.310.700;2.273.925.277.419.630;0.5658543780551544;20.064.124.462.689.400;5.562.884.898.873.630;0.8372000925976153;22.926.628.012.762.600;46.066.333.831.808.800;1
14.606.291.014.540.400;-0.25640862414605503;19.705.991.351.092.700;1.713.160.375.036.670;8.034.882.745.030.480;18.893.197.109.138.900;23.663.760.869.545.700;0.3947948678676949;0.5922795685591619;7.322.042.135.620.960;12.299.918.325.139.600;23.585.621.429.865.700;37.172.202.273.196.800;1
11.928.874.465.865.800;-0.17209863583586005;2.188.691.661.802.620;10.266.651.714.457.700;10.189.754.051.421.600;3.495.504.120.452.010;1.169.881.044.682.530;0.6593589514173569;0.28874927995189337;2.534.430.895.086.550;0.7749089368037438;10.670.594.171.851.200;27.506.960.736.579.700;1
11.473.486.793.622.400;0.4695126963126336;22.587.401.922.595.600;17.006.794.553.920.200;9.999.460.390.393.370;22.741.073.526.502.800;2.564.952.787.607.820;0.3737017795034959;0.40544792290431586;24.188.102.412.038.000;15.357.702.902.445.000;24.479.490.833.580.800;5.427.926.589.723.090;1
1.074.367.507.444.200;30.344.017.557.822.300;31.877.765.329.816.500;22.014.361.975.913.900;9.949.318.970.467.640;15.669.970.271.145.700;2.181.815.690.537.990;0.39407174633727937;12.051.281.707.554.500;7.168.706.983.156.090;13.693.077.798.629.100;18.654.403.313.573.400;3.810.461.783.362.710;1
13.852.933.588.711.900;25.377.097.958.499.800;16.889.797.377.391.400;15.726.976.965.535.300;7.324.926.376.118.540;2.013.166.316.258.720;31.541.318.641.895.500;0.11114503282073784;12.855.993.257.390.200;2.765.696.223.798.890;12.454.407.791.545.500;0.8484771494756975;7.413.727.326.790.910;1
12.265.154.207.182.800;18.806.795.302.925.200;29.601.245.628.079.600;2.424.623.924.085.570;9.546.874.484.993.170;0.8738614466639304;2.016.186.711.413.790;0.6668750101774621;0.4648098879485423;3.993.028.451.704.350;12.951.643.174.839.700;34.531.885.751.276.800;8.520.180.566.426.040;1
9.364.689.930.584.120;20.530.506.703.656.700;32.382.183.583.210.700;30.032.937.701.422.900;10.711.586.802.566.600;28.542.018.546.876.500;5.000.680.556.317.580;0.418367568887001;2.634.658.594.181.940;9.077.121.737.991.910;0.6907781433095624;38.441.530.216.859.700;5.123.758.482.795.680;1
13.134.851.334.712.200;-0.14738162460885917;19.165.687.809.760.100;16.930.534.817.404.300;10.012.208.773.262.300;17.403.445.647.745.400;16.273.994.514.269.100;0.029111676422290705;17.993.985.328.523.300;4.105.630.866.470.660;11.436.685.924.891.500;29.451.568.950.327.400;22.956.525.608.229.100;1
1.220.639.758.292.820;0.9825780938459869;27.467.316.038.104.200;19.801.292.522.114.400;9.548.522.861.844.520;31.874.017.541.157.000;16.960.697.638.547.300;0.30055937981190617;15.912.088.676.862.700;19.319.981.161.970.600;0.7405644837474319;35.301.953.176.034.300;9.751.759.488.339.430;1
12.338.162.225.148.300;0.6324191485547295;2.084.630.633.567.610;15.621.024.611.579.200;7.936.020.570.417.180;1.301.084.795.136.650;11.532.068.093.000.700;0.5143049340733394;15.679.877.148.900.400;29.656.695.488.742.300;11.673.771.031.617.500;0.8566663569824011;7.589.436.287.298.660;1
11.020.764.220.175.700;26.393.996.518.225.300;2.248.422.451.342.010;2.214.163.671.998.530;8.278.582.124.162.830;3.434.009.722.256.450;4.070.325.022.546.220;0.3477782782758427;21.129.433.667.815.100;15.120.581.962.231.000;0.4545133198714919;2.897.964.050.980.550;9.274.893.402.854.300;1
12.298.887.001.400.000;20.446.677.483.523.300;2.257.651.641.058.520;2.463.970.429.477.600;6.851.936.216.319.620;1.910.396.256.646.760;20.453.470.772.386.500;0.6595169015568016;2.587.350.621.795.610;4.354.505.210.706.320;10.017.504.365.041.100;2.839.382.906.470.180;3.697.837.538.756.730;1
13.113.007.544.810.400;1.162.098.842.439.830;21.357.522.588.271.400;14.859.631.449.127.400;962.685.363.503.866;2.210.253.628.085.590;19.831.676.228.947.500;0.3171130585052945;11.097.181.446.639.500;50.501.523.981.660.300;1.045.881.817.660.680;31.226.566.945.420.800;2.250.771.370.307.890;1
13.127.925.636.714.600;0.8334324746320413;19.721.163.461.964.700;25.742.213.308.000.800;15.142.310.465.985.500;4.073.971.398.058.570;20.055.014.407.580.900;0.34831177048042805;20.427.226.533.710.100;4.790.014.165.820.140;1.633.543.453.684.750;34.649.817.376.159.300;17.287.779.472.707.500;1
11.441.615.050.355.900;2.425.768.361.204.710;19.463.353.652.482.300;169.353.099.358.984;10.257.246.161.800.700;28.752.007.056.243.200;39.480.371.453.499.000;0.400250766922826;2.747.590.032.800.020;4.740.663.510.053.670;10.110.118.630.066.500;3.786.167.392.117.330;11.388.291.865.942.500;1
12.829.980.643.554.700;-0.07148756459714845;17.207.019.222.445.100;22.055.401.096.690.000;9.197.564.382.304.470;4.028.634.026.836.290;36.727.233.146.757.200;0.20379999680672617;14.090.103.015.182.300;15.864.171.653.075.400;11.622.760.280.832.400;2.560.341.343.359.720;4.046.684.987.821.530;1
12.781.335.858.922.000;29.047.340.807.043.700;27.857.092.104.152.400;27.616.803.610.838.900;11.370.807.229.557.800;0.31665503459712263;17.787.027.554.576.100;0.4668445619879917;2.158.959.654.622.610;7.586.033.987.361.840;0.8123257798425864;0.8248086967739976;1.611.167.232.525.180;2
15.221.397.320.432.500;0.5737841513666715;213.902.501.212.248;22.560.430.664.736.100;9.488.715.477.447.520;2.835.544.131.581.840;0.1892726770256039;0.4386120638430694;4.087.336.736.351.780;1.447.897.543.451.120;0.6847150432544103;0.23966442410544664;5.927.245.473.782.890;2
12.145.683.141.835.600;3.754.206.296.683.820;24.488.432.584.001.500;12.918.448.616.009.600;10.611.305.197.482.500;13.568.444.531.954.100;11.545.194.212.397.400;0.44971649348041237;19.012.496.337.328.400;6.105.021.765.074.860;0.42557707398375144;0.6386191980688873;8.207.147.436.045.890;2
1.464.724.716.645.170;17.098.227.992.928.100;24.801.894.045.603.100;2.101.207.288.011.930;9.708.434.942.599.000;14.421.490.249.597.100;0.8282283045920344;0.4762842296994543;1.636.035.241.225.560;11.148.840.436.637.100;0.32180987098772623;0.5298398649198566;11.446.004.341.482.700;2
13.051.227.145.868.600;4.854.448.457.056.590;3.169.102.382.418.530;24.965.005.688.544.600;10.528.948.858.509.600;19.054.991.447.353.500;0.8703927863380543;0.438647004023891;0.977789479536134;6.779.188.074.022.540;11.283.858.738.286.600;16.784.785.542.735.300;5.253.411.999.894.250;2
12.729.280.855.997.600;3.285.318.028.883.500;3.422.240.817.391.550;2.607.448.589.295.060;12.273.671.608.387.400;0.8528621899271429;34.116.740.829.683.200;0.06680223761984092;16.435.444.235.326.700;11.378.072.127.311.100;0.5233457405053925;0.9179272423594143;11.670.897.340.045.300;2
14.787.079.592.494.800;0.21202963917234507;22.754.439.558.374.500;2.577.133.883.508.910;12.179.265.328.253.700;1.326.993.263.083.320;1.478.482.106.698.780;0.5132951054933721;15.269.822.373.417.200;758.472.081.868.999;0.8305337422980956;1.493.315.237.546.270;6.720.969.938.723.120;2
13.222.395.786.525.100;4.002.738.753.540.530;2.512.961.944.190.610;2.725.471.854.116.220;8.929.559.971.522.250;11.233.171.893.471.400;1.205.363.866.887.970;0.5107740129311523;1.252.336.931.484.490;7.399.905.357.629.320;0.6138683656264161;0.9670699059288663;9.243.554.809.812.590;2
12.023.550.310.606.700;17.110.364.404.093.100;2.890.554.213.947.370;2.388.588.656.791.480;10.063.386.956.936.500;15.551.013.328.579.400;15.131.364.909.029.300;0.39262816511007215;13.359.919.519.651.300;9.084.310.400.184.020;0.6166393288783434;0.06776999399627259;2.916.034.015.870.440;2
1.194.908.846.050.370;5.737.918.723.293.370;20.913.174.406.146.000;18.277.465.824.832.500;10.604.612.114.883.200;0.3109669764597325;0.4163132235136032;0.7618858295744748;-0.5378187245393591;837.411.046.803.296;0.4906931716388875;28.199.702.210.995.500;7.668.616.494.131.010;2
12.894.269.470.918.700;3.256.963.004.883.890;31.673.459.141.731.400;24.880.204.639.774.600;10.676.332.560.016.400;17.723.921.111.262.200;-0.10396973386286135;0.6261039769654084;0.06367376770065913;4.525.545.356.970.900;0.6371300993975919;13.648.534.382.558.900;5.865.350.156.778.760;2
12.554.560.327.898.100;30.039.518.874.773.400;22.792.393.036.349.000;1.516.456.844.916.290;7.290.728.969.988.650;17.061.875.183.169.900;0.9672848710055758;0.6564966395188839;1.798.029.842.641.850;8.856.444.061.776.100;0.009235554440808924;2.413.202.518.933.770;6.423.735.791.925.360;2
13.975.534.160.972.700;3.677.083.469.789.790;23.432.318.347.646.500;1.972.855.347.363.050;833.666.959.004.054;16.447.809.218.755.300;0.7950780774738612;0.3716679823852765;0.9134586886270036;67.578.988.430.338.100;10.284.339.696.546.600;0.8015116874251803;4.565.069.269.461.610;2
12.128.957.518.292.300;36.980.378.503.269.100;2.851.029.709.060.150;27.678.950.553.166.900;9.374.194.961.518.320;13.058.715.702.343.600;0.9438487075445566;0.32281355719911;17.771.602.808.499.000;53.961.958.192.419.300;0.5922032468876087;17.542.794.639.039.600;38.817.287.160.520.900;2
13.158.943.842.545.700;1.965.083.100.272.490;26.782.659.406.541.300;2.170.420.877.974.250;11.426.036.271.950.600;14.954.129.085.017.200;1.858.430.599.842.860;0.6968697982369815;11.736.048.313.898.000;6.300.376.825.430.170;0.6800060419091278;2.420.611.513.082.490;10.552.505.732.320.200;2
12.702.388.353.294.700;272.413.132.355.643;2.515.336.359.455.470;2.148.687.336.652.990;10.146.043.303.618.600;17.982.398.671.717.000;17.595.830.076.642.000;0.15151025020277487;-0.4536618285625801;5.580.327.206.672.470;0.6204921556140199;2.417.421.599.293.720;5.782.816.588.976.430;2
11.917.345.326.905.500;3.400.991.969.758.720;28.635.694.380.037.800;29.472.527.428.164.800;10.166.733.258.098.800;0.8415063108546481;0.0671514972742071;0.15016723902281426;19.193.122.032.261.000;11.497.046.617.838.700;0.4856387232298675;28.699.725.920.557.500;789.404.037.629.806;2
11.414.174.586.051.600;11.521.305.909.373.100;24.875.236.199.812.300;25.599.534.420.614.800;9.565.383.087.953.410;19.078.812.231.215.400;1.780.861.270.395.750;0.3578105704721929;0.2746884662214355;53.722.127.463.137.600;0.76721814945343;0.6780310359549631;22.494.665.113.803.400;2
12.611.813.122.296.900;12.375.881.770.349.200;2.373.351.487.979.330;25.330.421.783.470.700;9.681.767.573.570.160;14.087.135.570.248.000;-0.3260184891221386;0.5551397257146972;2.631.752.015.304.650;110.129.222.841.666;0.6026384673828673;2.072.312.384.291.930;6.886.099.207.338.990;2
13.183.715.762.198.400;6.086.625.628.154.740;2.449.408.826.823.760;22.138.967.337.311.900;10.377.770.787.117.500;18.185.414.475.021.900;2.521.444.754.675.850;0.5050193060673036;1.463.216.967.430.370;7.375.280.652.787.760;0.8121362562131016;2.447.050.678.653.570;8.963.933.706.627.070;2
14.991.086.099.817.400;25.599.451.203.846.100;250.578.644.054.981;2.279.739.017.873.230;7.566.211.277.033.570;28.175.822.546.715.900;2.186.271.027.605.420;0.4578077368020775;26.086.570.941.092.200;13.386.693.420.730.300;0.45278066778917636;18.377.674.101.031.900;10.771.455.408.239.700;2
12.026.927.721.109.700;20.358.942.445.820.600;21.693.472.089.505.000;14.199.149.922.125.800;9.305.356.358.265.150;18.625.802.236.700.600;16.759.074.739.257.800;0.5292683234826686;2.009.649.825.796.850;10.928.854.505.645.100;0.5521076493561605;33.554.187.076.612.100;9.194.118.723.619.660;2
13.616.357.955.357.900;211.848.076.707.612;23.997.158.837.908.900;1.640.346.514.624.220;10.442.644.333.701.400;1.564.060.014.556.520;1.355.607.431.208;0.18833381642775185;-0.3701615618367554;8.689.469.321.839.900;0.833459866639981;0.38194544969448474;8.492.786.833.983.690;2
12.658.640.465.767.900;3.914.108.292.351.590;2.665.675.959.201.500;2.606.694.933.019.270;1.357.721.806.355.810;12.141.222.198.772.800;2.789.628.353.096.040;0.2608806196637126;24.399.181.478.311.400;7.538.069.665.620.180;0.31903629357010743;16.764.630.899.965.500;37.188.634.878.519.100;2
12.924.947.591.446.200;36.224.035.504.572.500;25.133.760.987.622.900;2.171.140.643.330.260;8.304.851.624.013.380;14.901.440.176.465.400;12.606.501.637.448.900;0.7546266655565015;15.933.747.107.974.400;5.496.086.583.352.770;0.8510757950421989;3.178.079.049.499.320;20.096.309.078.205.800;2
1.426.632.664.241.600;253.833.718.973.301;26.288.983.645.111.100;22.458.705.016.684.300;10.531.450.898.584.400;15.177.970.354.172.000;0.11062395158553351;0.3314850848150197;-0.07747417284036662;59.948.246.564.202.100;0.6689741839380807;25.061.350.848.472.100;7.221.773.725.894.150;2
12.710.106.024.492.500;3.928.489.287.951.720;23.076.339.690.519.300;17.355.373.214.098.500;9.491.888.784.243.970;1.531.637.745.720.190;2.218.934.379.083.990;0.09654281703468665;14.154.870.668.766.000;12.120.802.794.144.300;0.2017824282606231;2.684.607.040.818.470;-147.715.008.227.868;2
13.821.620.192.591.100;6.578.104.874.748.380;25.817.739.356.881.900;1.854.387.818.040.820;11.647.900.651.141.800;22.040.605.220.980.400;0.3527230779270399;0.5882737072731066;187.017.687.113.636;8.569.192.115.910.970;0.5984208566641075;18.094.462.716.775.100;5.479.443.504.547.550;2
1.211.891.504.379.630;0.7611532847868353;25.670.664.090.759.600;22.631.166.362.666.300;10.361.343.146.119.200;10.645.957.926.716.500;0.47764980060264345;0.4434797900394249;21.364.231.913.729.900;7.778.465.571.142.000;-0.1570086551344707;0.3340112755279745;8.300.126.668.273.060;2
1.394.071.652.491.250;50.835.626.347.397.800;2.069.827.913.664.640;19.159.207.824.179.600;7.406.898.113.956.780;12.253.025.667.396.400;17.888.422.383.502.700;0.5454155818645847;12.946.208.436.478.000;9.228.239.380.340.450;0.06297378414869859;18.476.685.454.023.400;4.686.850.550.031.110;2
1.172.354.548.074.140;14.135.289.858.620.800;2.141.950.865.108.530;1.847.790.613.450.870;7.299.481.107.968.940;1.427.434.161.838.010;0.35700561096324834;0.3758766228568001;11.340.894.869.619.300;8.577.847.972.832.550;0.5606558271765892;19.565.208.392.392.900;19.511.502.921.047.800;2
14.065.116.874.152.000;30.143.467.565.877.800;2.585.530.800.468.990;28.409.242.310.050.100;85.792.702.595.856;23.172.817.779.925.800;0.203203915156288;0.8767917366331989;0.5056799723624676;70.065.051.152.125.800;0.8944103597964601;2.858.164.750.758.560;8.494.792.695.146.450;2
12.358.664.022.480.500;2.221.719.287.990.610;2.474.989.535.415.610;16.896.962.098.641.300;8.329.657.274.735.780;1.738.638.436.538.240;-0.5752495469808054;0.5374861333322192;0.9883801992385357;17.531.641.963.288.000;0.6758101626253123;13.946.993.859.585.100;8.605.836.173.965.110;2
12.595.572.798.888.700;3.668.922.003.423.460;2.020.039.670.023.490;19.605.386.197.957.100;11.739.912.263.009.300;0.6821987514409746;0.2077290845561427;0.23219715125666016;0.24426644116458585;567.241.220.246.474;0.5510262766594108;2.013.559.212.098.060;5.200.410.222.882.030;2
14.653.007.827.867.400;0.9361593934318237;22.952.702.756.155.700;21.616.070.342.772.600;11.874.682.758.113.900;23.321.549.697.445.300;1.156.763.973.099.570;0.42558966255363206;16.499.101.153.037.500;7.723.925.436.767.500;0.33950185775448616;1.841.379.754.629.270;12.714.040.189.874.100;2
13.533.650.895.649.700;5.454.242.892.538.800;21.917.426.651.807.500;20.960.250.396.515.600;8.408.689.144.516.310;23.315.987.119.149.600;-0.464879062328427;0.7536651870078116;10.294.526.190.287.200;6.236.210.028.725.350;0.5493481830887426;26.525.395.983.818.800;3.310.440.693.790.970;2
12.393.734.188.288.000;27.403.803.951.164.500;24.975.150.005.733.900;3.066.098.693.967.390;9.473.912.931.217.910;0.37492432342022974;26.739.851.910.009.400;0.2908818009943557;13.666.847.060.214.500;4.306.918.197.501.710;0.17260381347854298;24.359.719.772.881.600;427.544.644.938.131;2
13.675.284.691.605.500;33.026.791.043.721.700;30.270.495.977.550.900;31.777.067.820.347.800;9.999.658.840.054.010;12.420.762.910.183.900;1.413.245.569.026.260;0.48613645257606675;18.134.301.284.370.200;8.308.150.466.554.160;0.5958096117826932;2.461.183.615.324.140;8.201.169.826.714.250;2
120.229.390.774.076;4.606.099.351.641.870;24.476.518.778.866.100;20.262.605.220.693.900;958.666.943.455.938;1.816.173.605.511.740;0.19868647329284184;0.6368174452407577;-0.1512882426820502;39.211.294.093.285.100;0.5526401836180008;0.5690949070503675;42.736.417.195.697.600;2
13.830.542.332.586.200;31.170.746.634.842.700;2.463.789.387.272.660;21.942.023.163.182.300;11.408.771.095.950.100;0.5712234185450792;10.730.233.778.678.700;0.2708470364313082;0.8499569228360206;55.823.055.090.673.600;0.7075156537050585;0.9457434996801106;3.216.586.565.273.030;2
13.580.215.437.446.100;31.124.061.622.623.200;21.223.258.737.483.600;23.977.879.976.876.600;11.285.514.944.490.500;1.716.788.027.122.540;10.770.260.393.170.600;0.47308741690023487;-0.246600132351808;2.548.258.548.044.870;0.6037148491179066;2.140.526.461.353.870;735.139.762.670.783;2
13.678.898.315.709.300;279.106.426.742.198;30.525.453.972.905.500;2.818.591.284.401.970;9.223.361.647.595.050;0.6973979844249039;0.3236172893838286;0.44320865977037316;14.332.362.841.828.100;12.376.713.294.341.400;10.781.926.443.997.600;11.652.321.328.395.200;47.982.445.335.545.800;2
13.828.437.323.292.500;5.748.486.705.766.530;24.553.148.098.002.100;1.801.071.926.693.350;8.500.244.116.236.110;15.071.716.782.484.400;0.7964088978088487;0.45259118772302925;0.10236247618806638;30.073.465.351.609.600;0.4517417535237858;2.074.915.470.740.110;6.980.512.685.172.920;2
13.846.067.487.043.300;4.548.012.639.804.230;2.721.329.757.175.410;15.180.953.351.179.900;10.241.014.854.422.100;11.912.590.427.190.600;1.533.650.670.649.700;0.04982479983379484;0.6991099490459863;4.856.720.832.993.400;10.225.572.320.264.800;0.4587281197987835;6.320.356.162.477.980;2
12.646.419.295.147.100;1.636.578.077.869.970;22.449.815.736.507.800;1.898.595.490.024.230;8.471.572.350.987.580;10.357.000.690.087.400;0.9343349910092356;0.4148529381714764;0.7863236583625187;11.777.184.369.306.700;0.23511729086208333;0.5981623684946524;6.422.788.018.169.980;2
1.394.715.592.962.340;6.498.718.867.222.410;25.466.526.592.534.100;24.404.819.031.618.200;10.031.862.898.990.700;0.6717209479346076;-1.729.621.888.248.140;0.5524023515222545;14.544.983.842.470.600;-0.14218769712972534;0.8397296868382971;10.087.839.354.358.000;17.299.873.309.911.000;2
13.006.224.532.571.900;29.382.240.527.701.100;21.245.195.694.532.000;2.734.345.683.012.200;11.102.122.834.983.700;18.460.528.711.223.800;-12.916.147.416.776.000;0.5468077809609778;11.993.418.530.895.900;66.073.238.794.798.700;12.142.893.855.386.000;22.954.090.182.986.500;7.038.873.713.017.000;2
13.265.064.196.132.100;6.009.108.044.534.170;26.416.701.038.367.400;25.323.833.783.728.600;9.159.164.212.998.550;11.798.076.841.543.200;1.961.393.554.564.470;0.5635649942867191;17.312.497.925.200.300;9.626.740.126.710.750;0.7087122138870344;1.076.585.439.894.170;12.872.582.930.421.600;2
12.835.122.096.359.700;3.007.076.650.301.320;23.926.674.094.594.000;21.320.577.615.332.500;11.703.914.153.441.700;14.063.793.818.814.800;0.6081902164331733;0.2560505499415228;14.937.857.115.579.500;267.238.047.211.042;10.564.139.851.237.600;14.898.304.355.513.600;6.204.576.590.341.410;2
12.467.773.891.397.100;5.074.285.243.265.590;2.217.319.294.154.960;16.997.387.148.146.400;12.008.749.385.643.300;0.7342342206623905;0.6908297577708981;0.32872333485120414;16.748.924.892.557.500;11.312.466.449.420.600;0.44351510831341223;19.852.178.039.833.700;8.072.770.419.761.850;2
13.327.045.992.420.400;30.668.384.613.475.200;2.305.515.999.912.830;25.504.351.530.620.000;9.251.757.663.944.050;14.468.146.813.332.300;17.367.291.216.032.100;0.5318530809485877;-0.1793968005338722;10.402.624.136.705.700;0.6212507609853017;2.620.463.244.077.540;7.234.292.144.818.660;2
1.168.598.604.063.340;11.984.964.255.220.800;2.727.666.202.464.430;2.222.426.275.232.050;11.163.707.437.332.700;24.738.831.647.515.000;-0.2959800917197466;0.6324873917102789;12.490.083.274.770.800;9.563.720.222.337.940;0.3816128997273971;13.717.931.895.277.200;41.859.560.786.518.500;2
12.610.236.375.052.100;4.910.318.471.902.600;24.043.948.799.980.000;1.917.310.430.904.150;7.128.908.481.200.790;14.343.052.405.720.000;-0.9369671174140155;0.5118124741975965;0.149636600900783;5.229.664.568.096.030;0.796181444800318;18.013.938.418.252.100;11.519.013.714.730.300;2
1.337.689.103.838.120;6.838.092.225.171.580;2.331.988.710.181.930;19.019.658.951.378.200;11.725.804.376.620.900;1.467.376.302.083.200;0.49705941278692084;0.5406273555837543;2.171.465.314.638.300;5.636.186.258.394.180;0.6730515967969944;12.162.108.782.099.200;648.482.341.745.871;2
1.275.656.183.434.900;5.395.322.553.661.230;2.654.418.945.687.100;20.445.648.309.748.800;7.777.571.688.980.040;14.431.131.039.821.700;12.328.422.918.283.600;0.9055013646697194;0.13250155365327276;5.530.261.882.743.730;1.378.766.006.899.610;1.684.930.927.193.980;6.726.176.663.604.450;2
12.822.058.861.619.900;3.121.693.295.319.240;2.289.527.424.216.940;2.709.423.517.265.470;13.026.433.570.378.400;19.455.755.137.128.700;-0.0018202879601278976;0.6355438749128661;0.6287706991145625;10.003.910.268.279.700;0.9069192791684405;1.467.536.543.616.590;781.227.292.215.971;2
13.722.604.456.468.700;17.100.856.584.884.300;18.278.308.416.282.000;1.442.681.024.449.180;8.656.933.637.089.740;17.684.743.056.618.100;-0.11261984481707366;0.5260045968533266;1.321.558.512.753.470;8.984.680.725.550.640;0.2749805689483733;1.066.334.205.320.110;8.698.902.284.661.810;2
1.409.615.611.587.200;4.349.051.314.451.540;23.506.342.295.472.100;23.025.710.729.596.400;8.933.307.564.164.050;22.729.151.319.190.400;1.016.448.060.243.630;0.4775884072058417;11.751.760.159.382.800;248.218.794.437.971;0.7285426591939694;26.018.684.538.862.400;3.074.171.219.204.000;2
14.578.486.570.290.900;5.376.162.396.856.360;2.178.907.169.789.140;25.812.416.878.451.900;9.297.829.825.524.370;1.000.329.613.687.070;11.245.809.628.187.700;0.6487132660435772;0.13581758809180366;4.970.747.789.569.690;0.5355244908097381;29.521.433.607.150.400;3.707.683.864.319.970;2
134.981.579.075.254;4.539.046.189.239.050;2.024.670.850.770.050;24.521.480.753.732.600;8.345.420.234.668.840;1.710.427.795.898.290;0.5903751271699804;0.5699783446008144;1.291.235.188.507.000;1.425.350.016.918.450;0.6732207582998184;20.417.979.238.040.000;12.859.729.425.106.900;2
12.344.235.803.787.700;36.056.616.545.522.900;25.063.637.624.373.700;17.399.973.376.495.200;989.767.145.486.686;226.955.085.739.569;1.550.271.351.365.960;0.27938918765422704;1.640.664.405.810.170;4.093.880.527.780.090;1.107.294.721.912.010;16.197.254.476.670.800;8.619.721.351.751.670;2
13.821.679.913.853.500;3.584.852.670.142.280;24.710.660.751.483.700;1.918.831.820.686.920;10.704.963.533.479.000;19.784.497.713.853.000;0.6120446263833724;-0.10777618372373551;12.495.771.298.342.300;6.041.048.320.871.410;0.8316349813072845;1.422.137.851.423.070;269.778.532.370.459;2
12.938.226.044.140.800;34.679.578.022.728.500;2.377.127.506.441.410;2.410.106.502.842.700;9.359.394.731.555.940;2.310.685.349.499.740;2.833.730.941.055.630;0.2374188066033825;0.5767358678609023;4.825.284.518.709.910;0.6411108792061402;1.795.614.053.533.270;1.482.305.637.776.490;2
12.574.146.051.461.500;33.506.795.578.434.100;1.873.952.616.579.880;2.349.035.899.767.670;7.093.778.218.920.070;18.729.764.183.426.000;-0.5558023339092314;0.5555617742181815;0.5437333317468906;7.516.540.253.817.290;0.70531871541257;1.427.547.086.312.010;5.140.690.123.943.160;2
12.051.586.080.401.500;254.576.662.016.837;2.214.191.753.734.610;13.270.554.230.603.000;7.241.428.998.204.910;0.4043660094103042;26.585.280.004.902.500;0.534006682469197;11.045.191.753.459.700;66.709.223.510.932.400;0.35930567374088707;253.033.590.795.094;394.880.731.252.574;2
1.207.506.126.614.960;4.048.806.951.359.900;2.315.983.981.607.740;16.808.267.525.725.600;11.048.590.833.251.100;10.986.341.415.391.600;0.1395929899305599;0.09414684312596869;1.209.764.895.611.980;6.998.924.599.515.090;0.9094545539405493;17.764.068.176.979.300;21.115.828.980.603.000;2
